provider,mode,query_id,category,hit_at_k,recall_at_k,precision_at_k,reciprocal_rank,all_relevant_at_k,prohibited_at_k,prohibited_count,useful_before_harmful,returned_count,returned_chars,returned_words,latency_ms,retrieved_ids,relevant_ids,prohibited_ids
bm25,raw,Q001,exact,1.0,1.0,0.2,1.0,1.0,0.0,0,,5,512,77,0.17907199980982114,"['M001', 'M010', 'M046', 'M047', 'M028']",['M001'],[]
bm25,raw,Q002,exact,1.0,1.0,0.2,1.0,1.0,0.0,0,,5,417,65,0.1645400006964337,"['M002', 'M023', 'M024', 'M011', 'M041']",['M002'],[]
bm25,raw,Q003,exact,1.0,1.0,0.2,1.0,1.0,0.4,2,1.0,5,247,39,0.2108310000039637,"['M005', 'M036', 'M035', 'M034', 'M033']",['M005'],"['M035', 'M036']"
bm25,raw,Q004,semantic,1.0,1.0,0.2,1.0,1.0,0.0,0,,5,677,106,0.247376000515942,"['M006', 'M007', 'M045', 'M025', 'M026']",['M006'],[]
bm25,raw,Q005,semantic,1.0,1.0,0.2,1.0,1.0,0.0,0,,5,607,96,0.21825100066052983,"['M007', 'M045', 'M027', 'M046', 'M047']",['M007'],[]
bm25,raw,Q006,semantic,1.0,1.0,0.2,1.0,1.0,0.0,0,,5,626,94,0.1536230001875083,"['M008', 'M007', 'M006', 'M044', 'M047']",['M008'],[]
bm25,raw,Q007,temporal_current,1.0,1.0,0.2,0.5,1.0,0.2,1,0.0,5,288,42,0.15791900023032213,"['M011', 'M012', 'M048', 'M041', 'M003']",['M012'],['M011']
bm25,raw,Q008,temporal_current,1.0,1.0,0.2,0.25,1.0,0.2,1,1.0,5,335,44,0.1699579997875844,"['M022', 'M032', 'M031', 'M014', 'M013']",['M014'],['M013']
bm25,raw,Q009,temporal_current,1.0,1.0,0.2,1.0,1.0,0.2,1,1.0,5,341,52,0.13539500014303485,"['M016', 'M039', 'M050', 'M022', 'M015']",['M016'],['M015']
bm25,raw,Q010,temporal_asof,1.0,1.0,0.5,1.0,1.0,0.0,0,1.0,2,122,19,0.06431800011341693,"['M013', 'M015']",['M013'],['M014']
bm25,raw,Q011,temporal_asof,0.0,0.0,0.0,0.0,0.0,0.0,0,,2,205,30,0.045167999815021176,"['M010', 'M009']",['M011'],['M012']
bm25,raw,Q012,multihop,1.0,0.3333333333333333,0.2,1.0,0.0,0.0,0,,5,369,59,0.23770100051478948,"['M017', 'M040', 'M039', 'M045', 'M050']","['M017', 'M018', 'M019']",[]
bm25,raw,Q013,multihop,1.0,0.6666666666666666,0.4,1.0,0.0,0.0,0,,5,473,68,0.19685899951582542,"['M022', 'M045', 'M046', 'M047', 'M020']","['M020', 'M021', 'M022']",[]
bm25,raw,Q014,procedure,1.0,1.0,0.2,1.0,1.0,0.2,1,1.0,5,465,70,0.15673799953219714,"['M023', 'M024', 'M019', 'M002', 'M011']",['M023'],['M024']
bm25,raw,Q015,procedure,1.0,1.0,0.2,1.0,1.0,0.2,1,1.0,5,590,94,0.20492099974944722,"['M025', 'M044', 'M008', 'M026', 'M050']",['M025'],['M026']
bm25,raw,Q016,procedure,0.0,0.0,0.0,0.0,0.0,0.2,1,0.0,5,408,57,0.18296799953532172,"['M028', 'M009', 'M039', 'M050', 'M022']",['M027'],['M028']
bm25,raw,Q017,procedure,1.0,1.0,0.2,1.0,1.0,0.2,1,1.0,5,444,70,0.22640399947704282,"['M044', 'M045', 'M036', 'M005', 'M008']",['M044'],['M045']
bm25,raw,Q018,procedure,1.0,1.0,0.2,1.0,1.0,0.2,1,1.0,5,539,80,0.16892599978746148,"['M046', 'M047', 'M045', 'M044', 'M028']",['M046'],['M047']
bm25,raw,Q019,scope,1.0,1.0,0.2,1.0,1.0,0.2,1,1.0,5,321,50,0.14268700033426285,"['M029', 'M030', 'M008', 'M031', 'M033']",['M029'],['M030']
bm25,raw,Q020,scope,1.0,1.0,0.2,1.0,1.0,0.2,1,1.0,5,230,36,0.21737999941251474,"['M032', 'M031', 'M034', 'M030', 'M039']",['M032'],['M031']
bm25,raw,Q021,scope,1.0,1.0,0.2,1.0,1.0,0.2,1,1.0,5,334,53,0.14760400063096313,"['M033', 'M034', 'M026', 'M031', 'M029']",['M033'],['M034']
bm25,raw,Q022,temporal_current,1.0,1.0,0.2,0.5,1.0,0.2,1,0.0,5,404,60,0.15001800056779757,"['M041', 'M042', 'M012', 'M008', 'M034']",['M042'],['M041']
bm25,raw,Q023,conflict,1.0,1.0,0.2,1.0,1.0,0.0,0,,5,423,63,0.1184190005005803,"['M043', 'M026', 'M042', 'M034', 'M033']",['M043'],[]
bm25,raw,Q024,protocol,1.0,0.5,0.2,1.0,0.0,0.2,1,1.0,5,547,82,0.14088399984757416,"['M010', 'M027', 'M028', 'M037', 'M008']","['M009', 'M010']","['M037', 'M038']"
bm25,raw,Q025,negative,0.0,1.0,0.0,0.0,0.0,0.0,0,,5,329,48,0.2321520005352795,"['M036', 'M005', 'M004', 'M014', 'M013']",[],[]
bm25,raw,Q026,negative,0.0,1.0,0.0,0.0,0.0,0.0,0,,5,421,68,0.12331800007814309,"['M050', 'M048', 'M016', 'M010', 'M044']",[],[]
tfidf_cosine,raw,Q001,exact,1.0,1.0,1.0,1.0,1.0,0.0,0,,1,113,18,0.4430529997989652,['M001'],['M001'],[]
tfidf_cosine,raw,Q002,exact,1.0,1.0,0.25,0.5,1.0,0.0,0,,4,401,60,0.3248429993618629,"['M003', 'M002', 'M023', 'M024']",['M002'],[]
tfidf_cosine,raw,Q003,exact,1.0,1.0,0.2,1.0,1.0,0.4,2,1.0,5,302,45,0.3123739998045494,"['M005', 'M036', 'M018', 'M035', 'M017']",['M005'],"['M035', 'M036']"
tfidf_cosine,raw,Q004,semantic,1.0,1.0,0.25,1.0,1.0,0.0,0,,4,535,81,0.270520999947621,"['M006', 'M045', 'M025', 'M026']",['M006'],[]
tfidf_cosine,raw,Q005,semantic,1.0,1.0,0.5,1.0,1.0,0.0,0,,2,253,43,0.26205799986200873,"['M007', 'M045']",['M007'],[]
tfidf_cosine,raw,Q006,semantic,1.0,1.0,1.0,1.0,1.0,0.0,0,,1,129,20,0.2403150001555332,['M008'],['M008'],[]
tfidf_cosine,raw,Q007,temporal_current,1.0,1.0,0.3333333333333333,0.5,1.0,0.3333333333333333,1,0.0,3,187,30,0.2736750002441113,"['M011', 'M012', 'M048']",['M012'],['M011']
tfidf_cosine,raw,Q008,temporal_current,0.0,0.0,0.0,0.0,0.0,0.2,1,0.0,5,333,47,0.2480670000295504,"['M032', 'M031', 'M022', 'M013', 'M045']",['M014'],['M013']
tfidf_cosine,raw,Q009,temporal_current,1.0,1.0,0.2,1.0,1.0,0.2,1,1.0,5,355,51,0.24297900017700158,"['M016', 'M015', 'M021', 'M039', 'M022']",['M016'],['M015']
tfidf_cosine,raw,Q010,temporal_asof,1.0,1.0,1.0,1.0,1.0,0.0,0,1.0,1,54,7,0.38439399941125885,['M013'],['M013'],['M014']
tfidf_cosine,raw,Q011,temporal_asof,0.0,0.0,0.0,0.0,0.0,0.0,0,,2,205,30,0.28964000011910684,"['M010', 'M009']",['M011'],['M012']
tfidf_cosine,raw,Q012,multihop,1.0,1.0,0.6,1.0,1.0,0.0,0,,5,430,62,0.42060900068463525,"['M017', 'M040', 'M018', 'M045', 'M019']","['M017', 'M018', 'M019']",[]
tfidf_cosine,raw,Q013,multihop,1.0,0.6666666666666666,1.0,1.0,0.0,0.0,0,,2,160,20,0.3157990004183375,"['M022', 'M020']","['M020', 'M021', 'M022']",[]
tfidf_cosine,raw,Q014,procedure,1.0,1.0,0.25,1.0,1.0,0.25,1,1.0,4,432,65,0.2571909999460331,"['M023', 'M019', 'M002', 'M024']",['M023'],['M024']
tfidf_cosine,raw,Q015,procedure,1.0,1.0,0.3333333333333333,1.0,1.0,0.3333333333333333,1,1.0,3,424,63,0.2431090006211889,"['M025', 'M026', 'M006']",['M025'],['M026']
tfidf_cosine,raw,Q016,procedure,0.0,0.0,0.0,0.0,0.0,0.2,1,0.0,5,538,78,0.27103199954581214,"['M009', 'M028', 'M010', 'M046', 'M044']",['M027'],['M028']
tfidf_cosine,raw,Q017,procedure,1.0,1.0,0.2,1.0,1.0,0.2,1,1.0,5,377,59,0.2462739994371077,"['M044', 'M036', 'M005', 'M045', 'M035']",['M044'],['M045']
tfidf_cosine,raw,Q018,procedure,1.0,1.0,0.5,0.5,1.0,0.5,1,0.0,2,202,30,0.3331159996378119,"['M047', 'M046']",['M046'],['M047']
tfidf_cosine,raw,Q019,scope,1.0,1.0,0.2,1.0,1.0,0.2,1,1.0,5,330,47,0.28785700033040484,"['M029', 'M030', 'M031', 'M033', 'M006']",['M029'],['M030']
tfidf_cosine,raw,Q020,scope,1.0,1.0,0.25,1.0,1.0,0.25,1,1.0,4,178,28,0.26660499952413375,"['M032', 'M031', 'M030', 'M034']",['M032'],['M031']
tfidf_cosine,raw,Q021,scope,1.0,1.0,0.2,1.0,1.0,0.2,1,1.0,5,334,53,0.4953319994456251,"['M033', 'M034', 'M029', 'M031', 'M026']",['M033'],['M034']
tfidf_cosine,raw,Q022,temporal_current,1.0,1.0,0.2,0.5,1.0,0.2,1,0.0,5,330,46,0.4738690004160162,"['M041', 'M042', 'M043', 'M033', 'M034']",['M042'],['M041']
tfidf_cosine,raw,Q023,conflict,1.0,1.0,0.2,0.5,1.0,0.0,0,,5,330,46,0.31088200012163725,"['M041', 'M043', 'M042', 'M034', 'M033']",['M043'],[]
tfidf_cosine,raw,Q024,protocol,1.0,1.0,0.4,1.0,1.0,0.2,1,1.0,5,530,77,0.2611460004118271,"['M010', 'M027', 'M037', 'M028', 'M009']","['M009', 'M010']","['M037', 'M038']"
tfidf_cosine,raw,Q025,negative,0.0,1.0,0.0,0.0,0.0,0.0,0,,5,278,42,0.31853300060902257,"['M036', 'M005', 'M004', 'M013', 'M035']",[],[]
tfidf_cosine,raw,Q026,negative,0.0,1.0,1.0,1.0,1.0,0.0,0,,0,0,0,0.3477179998299107,[],[],[]
dense_lsa,raw,Q001,exact,1.0,1.0,0.2,1.0,1.0,0.0,0,,5,456,68,0.441029000285198,"['M001', 'M019', 'M004', 'M024', 'M040']",['M001'],[]
dense_lsa,raw,Q002,exact,1.0,1.0,0.2,1.0,1.0,0.0,0,,5,496,74,0.41037299979507225,"['M002', 'M003', 'M023', 'M024', 'M047']",['M002'],[]
dense_lsa,raw,Q003,exact,1.0,1.0,0.2,0.5,1.0,0.4,2,0.0,5,302,45,0.3575729997464805,"['M036', 'M005', 'M035', 'M017', 'M018']",['M005'],"['M035', 'M036']"
dense_lsa,raw,Q004,semantic,1.0,1.0,0.2,1.0,1.0,0.0,0,,5,625,92,0.3428609998081811,"['M006', 'M045', 'M026', 'M025', 'M019']",['M006'],[]
dense_lsa,raw,Q005,semantic,1.0,1.0,0.2,1.0,1.0,0.0,0,,5,497,78,0.8737769994695554,"['M007', 'M045', 'M024', 'M039', 'M019']",['M007'],[]
dense_lsa,raw,Q006,semantic,1.0,1.0,0.2,1.0,1.0,0.0,0,,5,606,95,0.5376259996410226,"['M008', 'M023', 'M026', 'M001', 'M043']",['M008'],[]
dense_lsa,raw,Q007,temporal_current,1.0,1.0,0.2,0.5,1.0,0.2,1,0.0,5,405,59,0.437073999819404,"['M011', 'M012', 'M048', 'M004', 'M006']",['M012'],['M011']
dense_lsa,raw,Q008,temporal_current,1.0,1.0,0.2,0.25,1.0,0.2,1,0.0,5,335,44,0.37804400017193984,"['M032', 'M031', 'M013', 'M014', 'M022']",['M014'],['M013']
dense_lsa,raw,Q009,temporal_current,1.0,1.0,0.2,1.0,1.0,0.2,1,1.0,5,355,51,0.34267000046384055,"['M016', 'M015', 'M021', 'M039', 'M022']",['M016'],['M015']
dense_lsa,raw,Q010,temporal_asof,1.0,1.0,0.2,1.0,1.0,0.0,0,1.0,5,409,53,0.32914999974309467,"['M013', 'M015', 'M003', 'M019', 'M006']",['M013'],['M014']
dense_lsa,raw,Q011,temporal_asof,0.0,0.0,0.0,0.0,0.0,0.0,0,,5,524,77,0.3673270002764184,"['M010', 'M009', 'M015', 'M001', 'M006']",['M011'],['M012']
dense_lsa,raw,Q012,multihop,1.0,1.0,0.6,1.0,1.0,0.0,0,,5,430,62,0.8555479998904048,"['M017', 'M018', 'M040', 'M045', 'M019']","['M017', 'M018', 'M019']",[]
dense_lsa,raw,Q013,multihop,1.0,1.0,0.6,1.0,1.0,0.0,0,,5,429,59,0.3633520000221324,"['M022', 'M021', 'M020', 'M003', 'M023']","['M020', 'M021', 'M022']",[]
dense_lsa,raw,Q014,procedure,1.0,1.0,0.2,1.0,1.0,0.2,1,1.0,5,512,77,0.32795800052554114,"['M023', 'M002', 'M019', 'M024', 'M004']",['M023'],['M024']
dense_lsa,raw,Q015,procedure,1.0,1.0,0.2,1.0,1.0,0.2,1,1.0,5,657,98,0.3653149997262517,"['M025', 'M026', 'M006', 'M023', 'M019']",['M025'],['M026']
dense_lsa,raw,Q016,procedure,1.0,1.0,0.2,0.5,1.0,0.2,1,1.0,5,583,85,0.44146999971417245,"['M009', 'M027', 'M010', 'M028', 'M044']",['M027'],['M028']
dense_lsa,raw,Q017,procedure,1.0,1.0,0.2,1.0,1.0,0.2,1,1.0,5,377,59,0.3821400005108444,"['M044', 'M035', 'M036', 'M005', 'M045']",['M044'],['M045']
dense_lsa,raw,Q018,procedure,1.0,1.0,0.2,1.0,1.0,0.2,1,1.0,5,467,67,0.3295209999123472,"['M046', 'M047', 'M024', 'M020', 'M019']",['M046'],['M047']
dense_lsa,raw,Q019,scope,1.0,1.0,0.2,1.0,1.0,0.2,1,1.0,5,392,54,0.32986099995468976,"['M029', 'M030', 'M014', 'M031', 'M006']",['M029'],['M030']
dense_lsa,raw,Q020,scope,1.0,1.0,0.2,1.0,1.0,0.2,1,1.0,5,239,36,0.7450510001945077,"['M032', 'M031', 'M029', 'M033', 'M034']",['M032'],['M031']
dense_lsa,raw,Q021,scope,1.0,1.0,0.2,1.0,1.0,0.2,1,1.0,5,338,55,0.4346389996499056,"['M033', 'M034', 'M026', 'M029', 'M030']",['M033'],['M034']
dense_lsa,raw,Q022,temporal_current,1.0,1.0,0.2,1.0,1.0,0.2,1,1.0,5,330,46,0.4639039998437511,"['M042', 'M041', 'M043', 'M033', 'M034']",['M042'],['M041']
dense_lsa,raw,Q023,conflict,1.0,1.0,0.2,0.3333333333333333,1.0,0.0,0,,5,330,46,0.3327049998915754,"['M041', 'M042', 'M043', 'M034', 'M033']",['M043'],[]
dense_lsa,raw,Q024,protocol,1.0,1.0,0.4,1.0,1.0,0.2,1,1.0,5,530,77,0.3704030004882952,"['M010', 'M009', 'M027', 'M037', 'M028']","['M009', 'M010']","['M037', 'M038']"
dense_lsa,raw,Q025,negative,0.0,1.0,0.0,0.0,0.0,0.0,0,,5,311,45,0.370192000445968,"['M005', 'M036', 'M035', 'M013', 'M014']",[],[]
dense_lsa,raw,Q026,negative,0.0,1.0,1.0,1.0,1.0,0.0,0,,0,0,0,0.326276000123471,[],[],[]
hybrid_rrf,raw,Q001,exact,1.0,1.0,0.2,1.0,1.0,0.0,0,,5,498,74,0.8164190003299154,"['M001', 'M010', 'M047', 'M019', 'M046']",['M001'],[]
hybrid_rrf,raw,Q002,exact,1.0,1.0,0.2,1.0,1.0,0.0,0,,5,500,74,0.6539919995702803,"['M002', 'M023', 'M024', 'M003', 'M042']",['M002'],[]
hybrid_rrf,raw,Q003,exact,1.0,1.0,0.2,1.0,1.0,0.4,2,1.0,5,247,39,0.5726189992856234,"['M005', 'M036', 'M035', 'M034', 'M033']",['M005'],"['M035', 'M036']"
hybrid_rrf,raw,Q004,semantic,1.0,1.0,0.2,1.0,1.0,0.0,0,,5,606,92,0.8979630001704209,"['M006', 'M045', 'M026', 'M025', 'M040']",['M006'],[]
hybrid_rrf,raw,Q005,semantic,1.0,1.0,0.2,1.0,1.0,0.0,0,,5,614,94,0.7632889992237324,"['M007', 'M045', 'M027', 'M040', 'M006']",['M007'],[]
hybrid_rrf,raw,Q006,semantic,1.0,1.0,0.2,1.0,1.0,0.0,0,,5,632,103,0.5520780005099368,"['M008', 'M046', 'M045', 'M007', 'M023']",['M008'],[]
hybrid_rrf,raw,Q007,temporal_current,1.0,1.0,0.2,0.5,1.0,0.2,1,0.0,5,302,47,0.6179580004754825,"['M011', 'M012', 'M048', 'M005', 'M018']",['M012'],['M011']
hybrid_rrf,raw,Q008,temporal_current,1.0,1.0,0.2,0.2,1.0,0.2,1,0.0,5,335,44,0.570156000321731,"['M032', 'M031', 'M022', 'M013', 'M014']",['M014'],['M013']
hybrid_rrf,raw,Q009,temporal_current,1.0,1.0,0.2,1.0,1.0,0.2,1,1.0,5,355,51,0.5979079996905057,"['M016', 'M039', 'M015', 'M022', 'M021']",['M016'],['M015']
hybrid_rrf,raw,Q010,temporal_asof,1.0,1.0,0.2,1.0,1.0,0.0,0,1.0,5,409,53,0.4587169996739249,"['M013', 'M015', 'M003', 'M019', 'M006']",['M013'],['M014']
hybrid_rrf,raw,Q011,temporal_asof,0.0,0.0,0.0,0.0,0.0,0.0,0,,5,524,77,0.446377999651304,"['M010', 'M009', 'M015', 'M001', 'M006']",['M011'],['M012']
hybrid_rrf,raw,Q012,multihop,1.0,1.0,0.6,1.0,1.0,0.0,0,,5,430,62,0.7161670000641607,"['M017', 'M040', 'M045', 'M019', 'M018']","['M017', 'M018', 'M019']",[]
hybrid_rrf,raw,Q013,multihop,1.0,0.6666666666666666,0.4,1.0,0.0,0.0,0,,5,466,64,0.608914999247645,"['M022', 'M020', 'M046', 'M047', 'M028']","['M020', 'M021', 'M022']",[]
hybrid_rrf,raw,Q014,procedure,1.0,1.0,0.2,1.0,1.0,0.2,1,1.0,5,508,75,0.6141719995866879,"['M023', 'M024', 'M002', 'M019', 'M018']",['M023'],['M024']
hybrid_rrf,raw,Q015,procedure,1.0,1.0,0.2,1.0,1.0,0.2,1,1.0,5,584,89,0.6694160001643468,"['M025', 'M026', 'M006', 'M050', 'M046']",['M025'],['M026']
hybrid_rrf,raw,Q016,procedure,1.0,1.0,0.2,0.3333333333333333,1.0,0.2,1,0.0,5,597,86,0.6091650002417737,"['M009', 'M028', 'M027', 'M044', 'M046']",['M027'],['M028']
hybrid_rrf,raw,Q017,procedure,1.0,1.0,0.2,1.0,1.0,0.2,1,1.0,5,377,59,0.6974179996177554,"['M044', 'M036', 'M045', 'M005', 'M035']",['M044'],['M045']
hybrid_rrf,raw,Q018,procedure,1.0,1.0,0.2,1.0,1.0,0.2,1,1.0,5,580,85,0.8267349994639517,"['M046', 'M047', 'M044', 'M028', 'M027']",['M046'],['M047']
hybrid_rrf,raw,Q019,scope,1.0,1.0,0.2,1.0,1.0,0.2,1,1.0,5,305,45,0.6107369999881485,"['M029', 'M030', 'M031', 'M014', 'M033']",['M029'],['M030']
hybrid_rrf,raw,Q020,scope,1.0,1.0,0.2,1.0,1.0,0.2,1,1.0,5,231,38,0.5371060005927575,"['M032', 'M031', 'M034', 'M030', 'M050']",['M032'],['M031']
hybrid_rrf,raw,Q021,scope,1.0,1.0,0.2,1.0,1.0,0.2,1,1.0,5,347,54,0.5790989998786245,"['M033', 'M034', 'M026', 'M029', 'M013']",['M033'],['M034']
hybrid_rrf,raw,Q022,temporal_current,1.0,1.0,0.2,0.5,1.0,0.2,1,0.0,5,357,51,0.7253310004671221,"['M041', 'M042', 'M033', 'M034', 'M014']",['M042'],['M041']
hybrid_rrf,raw,Q023,conflict,1.0,1.0,0.2,1.0,1.0,0.0,0,,5,423,63,0.5612820004898822,"['M043', 'M042', 'M034', 'M033', 'M026']",['M043'],[]
hybrid_rrf,raw,Q024,protocol,1.0,1.0,0.4,1.0,1.0,0.2,1,1.0,5,530,77,0.6773979994250112,"['M010', 'M027', 'M028', 'M037', 'M009']","['M009', 'M010']","['M037', 'M038']"
hybrid_rrf,raw,Q025,negative,0.0,1.0,0.0,0.0,0.0,0.0,0,,5,337,50,0.6230660001165234,"['M036', 'M005', 'M004', 'M035', 'M014']",[],[]
hybrid_rrf,raw,Q026,negative,0.0,1.0,0.0,0.0,0.0,0.0,0,,5,421,68,0.5542420003621373,"['M050', 'M048', 'M016', 'M010', 'M044']",[],[]
habitus,raw,Q001,exact,1.0,1.0,0.5,1.0,1.0,0.0,0,,2,220,34,9.628077000343183,"['M001', 'M046']",['M001'],[]
habitus,raw,Q002,exact,1.0,1.0,0.3333333333333333,1.0,1.0,0.0,0,,3,299,44,10.91243700011546,"['M002', 'M023', 'M003']",['M002'],[]
habitus,raw,Q003,exact,1.0,1.0,0.3333333333333333,1.0,1.0,0.6666666666666666,2,1.0,3,144,23,10.495042999536963,"['M005', 'M036', 'M035']",['M005'],"['M035', 'M036']"
habitus,raw,Q004,semantic,1.0,1.0,0.3333333333333333,1.0,1.0,0.0,0,,3,431,65,10.49925000006624,"['M006', 'M007', 'M025']",['M006'],[]
habitus,raw,Q005,semantic,1.0,1.0,0.3333333333333333,0.3333333333333333,1.0,0.0,0,,3,360,59,10.64914700054942,"['M046', 'M045', 'M007']",['M007'],[]
habitus,raw,Q006,semantic,1.0,1.0,0.5,1.0,1.0,0.0,0,,2,251,38,11.143147000439058,"['M008', 'M044']",['M008'],[]
habitus,raw,Q007,temporal_current,1.0,1.0,0.3333333333333333,0.5,1.0,0.0,0,1.0,3,230,35,11.341678999997384,"['M048', 'M012', 'M018']",['M012'],['M011']
habitus,raw,Q008,temporal_current,1.0,1.0,0.3333333333333333,1.0,1.0,0.0,0,1.0,3,230,31,10.662157999831834,"['M014', 'M031', 'M018']",['M014'],['M013']
habitus,raw,Q009,temporal_current,1.0,1.0,0.3333333333333333,1.0,1.0,0.0,0,1.0,3,186,30,10.652842999661516,"['M016', 'M050', 'M039']",['M016'],['M015']
habitus,raw,Q010,temporal_asof,0.0,0.0,0.0,0.0,0.0,0.0,0,,3,203,32,10.868129999835219,"['M033', 'M031', 'M045']",['M013'],['M014']
habitus,raw,Q011,temporal_asof,0.0,0.0,0.0,0.0,0.0,0.0,0,,3,276,41,10.720876000050339,"['M040', 'M009', 'M010']",['M011'],['M012']
habitus,raw,Q012,multihop,1.0,0.3333333333333333,0.3333333333333333,1.0,0.0,0.0,0,,3,226,33,10.749060000307509,"['M017', 'M040', 'M020']","['M017', 'M018', 'M019']",[]
habitus,raw,Q013,multihop,1.0,0.3333333333333333,0.3333333333333333,1.0,0.0,0.0,0,,3,305,44,10.755248000350548,"['M022', 'M045', 'M046']","['M020', 'M021', 'M022']",[]
habitus,raw,Q014,procedure,1.0,1.0,0.3333333333333333,1.0,1.0,0.3333333333333333,1,1.0,3,342,54,10.650609999174776,"['M023', 'M002', 'M024']",['M023'],['M024']
habitus,raw,Q015,procedure,1.0,1.0,0.3333333333333333,1.0,1.0,0.0,0,1.0,3,411,58,11.347046999617305,"['M025', 'M044', 'M006']",['M025'],['M026']
habitus,raw,Q016,procedure,0.0,0.0,0.0,0.0,0.0,0.0,0,,3,336,48,10.937975999695482,"['M009', 'M025', 'M020']",['M027'],['M028']
habitus,raw,Q017,procedure,1.0,1.0,0.3333333333333333,1.0,1.0,0.0,0,1.0,3,204,32,11.30901000033191,"['M044', 'M005', 'M036']",['M044'],['M045']
habitus,raw,Q018,procedure,1.0,1.0,0.3333333333333333,0.5,1.0,0.3333333333333333,1,0.0,3,324,48,10.481652999260405,"['M047', 'M046', 'M044']",['M046'],['M047']
habitus,raw,Q019,scope,1.0,1.0,0.3333333333333333,1.0,1.0,0.3333333333333333,1,1.0,3,229,36,10.913238999819441,"['M029', 'M030', 'M008']",['M029'],['M030']
habitus,raw,Q020,scope,1.0,1.0,0.3333333333333333,1.0,1.0,0.3333333333333333,1,1.0,3,157,22,10.920509000243328,"['M032', 'M031', 'M018']",['M032'],['M031']
habitus,raw,Q021,scope,1.0,1.0,0.3333333333333333,1.0,1.0,0.3333333333333333,1,1.0,3,238,39,10.801258999890706,"['M033', 'M034', 'M026']",['M033'],['M034']
habitus,raw,Q022,temporal_current,1.0,1.0,0.3333333333333333,1.0,1.0,0.0,0,1.0,3,310,46,11.078969000664074,"['M042', 'M008', 'M012']",['M042'],['M041']
habitus,raw,Q023,conflict,1.0,1.0,0.3333333333333333,1.0,1.0,0.0,0,,3,236,32,10.69329399979324,"['M043', 'M042', 'M033']",['M043'],[]
habitus,raw,Q024,protocol,1.0,0.5,0.3333333333333333,0.5,0.0,0.0,0,1.0,3,349,52,11.031928000193147,"['M027', 'M010', 'M028']","['M009', 'M010']","['M037', 'M038']"
habitus,raw,Q025,negative,0.0,1.0,0.0,0.0,0.0,0.0,0,,3,158,24,10.996935000548547,"['M005', 'M036', 'M018']",[],[]
habitus,raw,Q026,negative,0.0,1.0,0.0,0.0,0.0,0.0,0,,3,224,37,11.507590999826789,"['M048', 'M050', 'M042']",[],[]
